{
    "Template": {
        "Path": "/home/chiebotgpuhq/Share/win_share/homodata/cyberpunk/city_t.png",
        "ImageSize": [
            1766,
            902
        ],
        "Points": [
            [
                349.4327334157507,
                16.08200060520835
            ],
            [
                489.59347252127577,
                125.73251159438814
            ],
            [
                899.7133492066125,
                139.87457630767562
            ],
            [
                1142.731468183304,
                165.4936532946886
            ],
            [
                931.4843622678329,
                691.401629578005
            ],
            [
                915.3229081785553,
                246.96164212286973
            ],
            [
                731.4863679130221,
                673.2199937275676
            ],
            [
                771.1263014654519,
                319.3005827378104
            ],
            [
                1151.7894227661182,
                581.08718858232
            ]
        ]
    },
    "Sample": {
        "Path": "/home/chiebotgpuhq/Share/win_share/homodata/cyberpunk/city_o.png",
        "ImageSize": [
            1637,
            848
        ],
        "Points": [
            [
                700.657638145603,
                195.9180093140703
            ],
            [
                789.9897511642588,
                245.3357739626884
            ],
            [
                1158.7223027731784,
                163.60639396689692
            ],
            [
                1500.845288802073,
                106.5858962954145
            ],
            [
                1238.5509995132538,
                769.9243525403267
            ],
            [
                1177.7291353303392,
                271.94533954271355
            ],
            [
                1000.9655925487438,
                730.010004170289
            ],
            [
                1030.277949951426,
                369.04032440706936
            ],
            [
                1593.8908198006989,
                646.489014675147
            ]
        ]
    },
    "Sample2Template Matrix": [
        [
            7.231680871274451,
            -0.5536995650288086,
            -3772.912920573471
        ],
        [
            1.7315390070094647,
            4.7223402858380705,
            -2084.7060524222497
        ],
        [
            0.0034330313484246832,
            -8.180619815493642e-05,
            0.9999999999999999
        ]
    ]
}
